observation_date,NROU
1949-01-01,5.2550525665283203
1949-04-01,5.2615156173706055
1949-07-01,5.2680129999999998
1949-10-01,5.2745639999999998
1950-01-01,5.2811820000000003
1950-04-01,5.2878660000000002
1950-07-01,5.2946039999999996
1950-10-01,5.3013669999999999
1951-01-01,5.3081129999999996
1951-04-01,5.3147890000000002
1951-07-01,5.3213334083557129
1951-10-01,5.3276824951171884
1952-01-01,5.3337740000000000
1952-04-01,5.3395549999999998
1952-07-01,5.3449854850769043
1952-10-01,5.3500404357910156
1953-01-01,5.3547130000000003
1953-04-01,5.3590116500854492
1953-07-01,5.3629579999999999
1953-10-01,5.3665823936462402
1954-01-01,5.3699219999999999
1954-04-01,5.3730144500732404
1954-07-01,5.3759020000000000
1954-10-01,5.3786240000000003
1955-01-01,5.3812199999999999
1955-04-01,5.3837250000000001
1955-07-01,5.3861710000000000
1955-10-01,5.3885860000000001
1956-01-01,5.3909964561462402
1956-04-01,5.3934300000000004
1956-07-01,5.3959169999999999
1956-10-01,5.3984930000000002
1957-01-01,5.4011983871459961
1957-04-01,5.4040803909301758
1957-07-01,5.4071846008300781
1957-10-01,5.4105580000000000
1958-01-01,5.4142403602600098
1958-04-01,5.4182660000000000
1958-07-01,5.4226584434509277
1958-10-01,5.4274290000000001
1959-01-01,5.4325766563415527
1959-04-01,5.4380855560302725
1959-07-01,5.4439270000000004
1959-10-01,5.4500640000000002
1960-01-01,5.4564523696899405
1960-04-01,5.4630510000000001
1960-07-01,5.4698295593261719
1960-10-01,5.4767700000000001
1961-01-01,5.4838750000000003
1961-04-01,5.4911649999999996
1961-07-01,5.4986753463745117
1961-10-01,5.5064554214477539
1962-01-01,5.5145590000000002
1962-04-01,5.5230420000000002
1962-07-01,5.5319504737854004
1962-10-01,5.5413240000000004
1963-01-01,5.5511879999999998
1963-04-01,5.5615519999999998
1963-07-01,5.5724109999999998
1963-10-01,5.5837473869323730
1964-01-01,5.5955276489257804
1964-04-01,5.6077060000000003
1964-07-01,5.6202225685119629
1964-10-01,5.6330070000000001
1965-01-01,5.6459770000000002
1965-04-01,5.6590439999999997
1965-07-01,5.6721159999999999
1965-10-01,5.6851050000000001
1966-01-01,5.6979300000000004
1966-04-01,5.7105290000000002
1966-07-01,5.7228610000000000
1966-10-01,5.7349150000000000
1967-01-01,5.7467040000000003
1967-04-01,5.7582700000000004
1967-07-01,5.7696719999999999
1967-10-01,5.7809840000000001
1968-01-01,5.7922859999999998
1968-04-01,5.8036584854125985
1968-07-01,5.8151755332946786
1968-10-01,5.8269050000000000
1969-01-01,5.8389009999999999
1969-04-01,5.8512096405029297
1969-07-01,5.8638640000000004
1969-10-01,5.8768880000000001
1970-01-01,5.8902983665466309
1970-04-01,5.9040999999999997
1970-07-01,5.9182920000000001
1970-10-01,5.9328609999999999
1971-01-01,5.9477820000000001
1971-04-01,5.9630159999999997
1971-07-01,5.9785056114196786
1971-10-01,5.9941769999999996
1972-01-01,6.0099400000000003
1972-04-01,6.0256905555725107
1972-07-01,6.0413170000000003
1972-10-01,6.0567060000000001
1973-01-01,6.0717453956604004
1973-04-01,6.0863350000000001
1973-07-01,6.1003866195678711
1973-10-01,6.1138305664062500
1974-01-01,6.1266164779663086
1974-04-01,6.1387150000000004
1974-07-01,6.1501145362854004
1974-10-01,6.1608195304870605
1975-01-01,6.1708439999999998
1975-04-01,6.1802089999999996
1975-07-01,6.1889339999999997
1975-10-01,6.1970324516296396
1976-01-01,6.2045089999999998
1976-04-01,6.2113579999999997
1976-07-01,6.2175630000000002
1976-10-01,6.2230990000000004
1977-01-01,6.2279309999999999
1977-04-01,6.2320165634155273
1977-07-01,6.2353090000000000
1977-10-01,6.2377570000000002
1978-01-01,6.2393109999999998
1978-04-01,6.2399269999999998
1978-07-01,6.2395744323730469
1978-10-01,6.2382345199584961
1979-01-01,6.2359094619750977
1979-04-01,6.2326170000000003
1979-07-01,6.2283935546875000
1979-10-01,6.2232900000000004
1980-01-01,6.2232064072105802
1980-04-01,6.2144459206877167
1980-07-01,6.2056821483064706
1980-10-01,6.1969094298297529
1981-01-01,6.1881203451032869
1981-04-01,6.1793061022800799
1981-07-01,6.1704567803530486
1981-10-01,6.1615614833320036
1982-01-01,6.1526084424044578
1982-04-01,6.1435850852786045
1982-07-01,6.1344780848468199
1982-10-01,6.1252733943609519
1983-01-01,6.1159562731830031
1983-04-01,6.1065113051627300
1983-07-01,6.0969224103273767
1983-10-01,6.0871728495869561
1984-01-01,6.0772452214512818
1984-04-01,6.0671214492786563
1984-07-01,6.0567827573329103
1984-10-01,6.0462096339433904
1985-01-01,6.0353817803821856
1985-04-01,6.0242782379984554
1985-07-01,6.0128780798807524
1985-10-01,6.0011622367497601
1986-01-01,5.9891164148421483
1986-04-01,5.9767344249437429
1986-07-01,5.9640175230853396
1986-10-01,5.9509733113858925
1987-01-01,5.9376143269418300
1987-04-01,5.9239565541955255
1987-07-01,5.9100180361773420
1987-10-01,5.8958176859450786
1988-01-01,5.8813743367058571
1988-04-01,5.8667060427911188
1988-07-01,5.8518296238788325
1988-10-01,5.8367604319052786
1989-01-01,5.8215123118445433
1989-04-01,5.8060977223527122
1989-07-01,5.7905279791928761
1989-10-01,5.7748135828401885
1990-01-01,5.7589645913420924
1990-04-01,5.7429910001350812
1990-07-01,5.7269030919332993
1990-10-01,5.7107117218921664
1991-01-01,5.6944285059311639
1991-04-01,5.6780658833142992
1991-07-01,5.6616370282919961
1991-10-01,5.6451555897733012
1992-01-01,5.6286352426023205
1992-04-01,5.6120890390460447
1992-07-01,5.5955285545584594
1992-10-01,5.5789628277713890
1993-01-01,5.5520082402335200
1993-04-01,5.5325457029884095
1993-07-01,5.5128995105853695
1993-10-01,5.4931281393756599
1994-01-01,5.4732946082361300
1994-04-01,5.4534653188212099
1994-07-01,5.4337088455094884
1994-10-01,5.4140947027895505
1995-01-01,5.3946921178671401
1995-04-01,5.3755688356792302
1995-07-01,5.3567899822909295
1995-10-01,5.3384170108603284
1996-01-01,5.3205067520316884
1996-04-01,5.3031105878162998
1996-07-01,5.2862737648113596
1996-10-01,5.2700348590681685
1997-01-01,5.2544254011361504
1997-04-01,5.2394696658683202
1997-07-01,5.2251846275692397
1997-10-01,5.2115800770927603
1998-01-01,5.1986588936454305
1998-04-01,5.1864174604119695
1998-07-01,5.1748462097758603
1998-10-01,5.1639302809366097
1999-01-01,5.1536502701945004
1999-04-01,5.1439830521393999
1999-07-01,5.1349026484896401
1999-10-01,5.1263811204110201
2000-01-01,5.1183894598256492
2000-04-01,5.1108984554991901
2000-07-01,5.1038795105662302
2000-10-01,5.0973053895934894
2001-01-01,5.0911508752539101
2001-04-01,5.0853933171443000
2001-07-01,5.0800130581648597
2001-10-01,5.0749937271223695
2002-01-01,5.0703223897423202
2002-04-01,5.0659895539952000
2002-07-01,5.0619890294702303
2002-10-01,5.0583176443748199
2003-01-01,5.0549748275089001
2003-04-01,5.0519620661700397
2003-07-01,5.0492822543024500
2003-10-01,5.0469389482292000
2004-01-01,5.0449355499305284
2004-04-01,5.0432744399878304
2004-07-01,5.0419560839493700
2004-10-01,5.0409781369499100
2005-01-01,5.0403345719023296
2005-04-01,5.0400148564621796
2005-07-01,5.0400032032422599
2005-10-01,5.0402779164395692
2006-01-01,5.0408108561547200
2006-04-01,5.0415670392761900
2006-07-01,5.0425043929184303
2006-10-01,5.0435736731073906
2007-01-01,5.0447185577711204
2007-04-01,5.0458759191975204
2007-07-01,5.0469762770521402
2007-10-01,5.0479444288968400
2008-01-01,5.0487002510083601
2008-04-01,5.0491596582575999
2008-07-01,5.0492357079667904
2008-10-01,5.0488398290999292
2009-01-01,5.0478831549442500
2009-04-01,5.0462779346793685
2009-07-01,5.0439389969721500
2009-10-01,5.0407852370313906
2010-01-01,5.0367410974498803
2010-04-01,5.0317380126802096
2010-07-01,5.0257157871502098
2010-10-01,5.0186238778251697
2011-01-01,5.0104225534542701
2011-04-01,5.0010839047711295
2011-07-01,4.9905926825133804
2011-10-01,4.9789469432321685
2012-01-01,4.9661584864152601
2012-04-01,4.9522530703750300
2012-07-01,4.9372703985733200
2012-10-01,4.9212638724813695
2013-01-01,4.9043001116126899
2013-04-01,4.8864582459249695
2013-07-01,4.8678289902689000
2013-10-01,4.8485135148732486
2014-01-01,4.8286221299065284
2014-04-01,4.8082728058617397
2014-07-01,4.7875895547947804
2014-10-01,4.7667007002401398
2015-01-01,4.7457370658728601
2015-04-01,4.7248301146356804
2015-07-01,4.7041100710725692
2015-10-01,4.6837040599828095
2016-01-01,4.6637342942276598
2016-04-01,4.6443163435910799
2016-07-01,4.6255575150373103
2016-10-01,4.6075553725556402
2017-01-01,4.5903964220817901
2017-04-01,4.5741549837936306
2017-07-01,4.5588922704630797
2017-10-01,4.5446556865827397
2018-01-01,4.5314783587561100
2018-04-01,4.5193789034331804
2018-07-01,4.5083614335785596
2018-10-01,4.4984158013691298
2019-01-01,4.4895180696243999
2019-04-01,4.4816312004623908
2019-07-01,4.4747059457322500
2019-10-01,4.4686819201788097
2020-01-01,4.4634888351134308
2020-04-01,4.4590478676610203
2020-07-01,4.4552731384737507
2020-10-01,4.4520732691872000
2021-01-01,4.4528529898698794
2021-04-01,4.4497897662962798
2021-07-01,4.4470104170573492
2021-10-01,4.4444176912989599
2022-01-01,4.4419167792237406
2022-04-01,4.4404667293697804
2022-07-01,4.4389317490436095
2022-10-01,4.4372323670789200
2023-01-01,4.4352964412522198
2023-04-01,4.4335099961407298
2023-07-01,4.4313678808796295
2023-10-01,4.4288242400857900
2024-01-01,4.4256796571856896
2024-04-01,4.4221570752654200
2024-07-01,4.4181849562262370
2024-10-01,4.4137372661012018
2025-01-01,4.4090486808845402
2025-04-01,4.4069062202285698
2025-07-01,4.4041997082688402
2025-10-01,4.4018412126410702
2026-01-01,4.3990905642036884
2026-04-01,4.3959324764249299
2026-07-01,4.3923719651200708
2026-10-01,4.3884254145811799
2027-01-01,4.3841154265968498
2027-04-01,4.3794691718761403
2027-07-01,4.3744956104292303
2027-10-01,4.3692001345010700
2028-01-01,4.3636019981992797
2028-04-01,4.3577544546864999
2028-07-01,4.3516746274247700
2028-10-01,4.3453701752742884
2029-01-01,4.3388676640812305
2029-04-01,4.3322425547426997
2029-07-01,4.3255150725756604
2029-10-01,4.3186878879252797
2030-01-01,4.3117842509847399
2030-04-01,4.3048865458953802
2030-07-01,4.2982624005787002
2030-10-01,4.2918459244357203
2031-01-01,4.2856653067400092
2031-04-01,4.2797294630505904
2031-07-01,4.2740413609430492
2031-10-01,4.2685456176753700
2032-01-01,4.2631984689515798
2032-04-01,4.2580102622606404
2032-07-01,4.2529316147193104
2032-10-01,4.2478948962458398
2033-01-01,4.2428541861410300
2033-04-01,4.2378244178961699
2033-07-01,4.2327705864460485
2033-10-01,4.2276458628732705
2034-01-01,4.2224295876992404
2034-04-01,4.2171656282511902
2034-07-01,4.2118500124166802
2034-10-01,4.2064677555939696
2035-01-01,4.2010298873046308
2035-04-01,4.1956108408772597
2035-07-01,4.1902265934124001
2035-10-01,4.1848682615871402
2036-01-01,4.1795350832856997
2036-04-01,4.1742668951261104
2036-07-01,4.1690598248952799
2036-10-01,4.1638948916298801
