ym,g_mom,i_mom,quadrant
1948-04,-0.011953,-0.019694,Deflation
1948-05,0.005773,-0.000970,Goldilocks
1948-06,0.037214,0.025568,Reflation
1948-07,0.033467,0.014889,Reflation
1948-08,0.009763,-0.003225,Goldilocks
1948-09,-0.019881,-0.027200,Deflation
1948-10,-0.028494,-0.036507,Deflation
1948-11,-0.045386,-0.042923,Deflation
1948-12,-0.042686,-0.039211,Deflation
1949-01,-0.055367,-0.047173,Deflation
1949-02,-0.039505,-0.037562,Deflation
1949-03,-0.034077,-0.009892,Deflation
1949-04,-0.026565,-0.009738,Deflation
1949-05,-0.044425,-0.014304,Deflation
1949-06,-0.050374,-0.026971,Deflation
1949-07,-0.044707,-0.032887,Deflation
1949-08,-0.003046,-0.025716,Deflation
1949-09,0.026909,-0.015517,Goldilocks
1949-10,-0.013202,0.002362,Stagflation
1949-11,0.010252,0.010842,Reflation
1949-12,0.019877,0.006746,Reflation
1950-01,0.088098,0.005502,Reflation
1950-02,0.065408,0.006493,Reflation
1950-03,0.092531,0.007003,Reflation
1950-04,0.107930,0.009537,Reflation
1950-05,0.135876,0.006692,Reflation
1950-06,0.119246,0.009620,Reflation
1950-07,0.118016,0.026899,Reflation
1950-08,0.102340,0.026952,Reflation
1950-09,0.046005,0.026514,Reflation
1950-10,0.061112,0.019454,Reflation
1950-11,0.000481,0.016878,Reflation
1950-12,0.020183,0.033184,Reflation
1951-01,-0.052980,0.044475,Stagflation
1951-02,-0.015004,0.056053,Stagflation
1951-03,-0.047749,0.036728,Stagflation
1951-04,-0.066855,0.016442,Stagflation
1951-05,-0.099690,-0.000633,Deflation
1951-06,-0.104306,-0.008909,Deflation
1951-07,-0.118171,-0.019539,Deflation
1951-08,-0.129441,-0.024800,Deflation
1951-09,-0.078878,-0.016413,Deflation
1951-10,-0.036344,-0.008689,Deflation
1951-11,0.014395,0.001324,Reflation
1951-12,-0.009684,-0.009785,Deflation
1952-01,0.006209,-0.025596,Goldilocks
1952-02,-0.003457,-0.047464,Deflation
1952-03,0.006185,-0.039941,Goldilocks
1952-04,-0.012505,-0.021326,Deflation
1952-05,-0.018655,-0.003986,Deflation
1952-06,-0.021793,0.003433,Stagflation
1952-07,-0.011168,0.008885,Stagflation
1952-08,0.068512,0.013627,Reflation
1952-09,0.104660,-0.000089,Goldilocks
1952-10,0.117770,-0.009458,Goldilocks
1952-11,0.057709,-0.018038,Goldilocks
1952-12,0.025552,-0.013983,Goldilocks
1953-01,0.003639,-0.013077,Goldilocks
1953-02,-0.010426,-0.007242,Deflation
1953-03,-0.003866,0.000027,Stagflation
1953-04,0.020189,0.001509,Reflation
1953-05,0.037717,0.001873,Reflation
1953-06,0.038008,-0.000048,Goldilocks
1953-07,0.055952,-0.004569,Goldilocks
1953-08,-0.038460,-0.002694,Deflation
1953-09,-0.105129,0.000717,Stagflation
1953-10,-0.157309,0.005619,Stagflation
1953-11,-0.124129,0.000000,Deflation
1953-12,-0.093010,-0.003773,Deflation
1954-01,-0.083476,0.001520,Stagflation
1954-02,-0.041578,0.009048,Stagflation
1954-03,-0.025485,0.005275,Stagflation
1954-04,-0.025145,-0.004892,Deflation
1954-05,-0.022226,-0.006429,Deflation
1954-06,-0.002345,-0.004915,Deflation
1954-07,-0.002954,-0.003757,Deflation
1954-08,0.000229,-0.008614,Goldilocks
1954-09,0.014286,-0.009325,Goldilocks
1954-10,0.043408,-0.011147,Goldilocks
1954-11,0.079081,-0.002607,Goldilocks
1954-12,0.096819,-0.000747,Goldilocks
1955-01,0.109155,0.002224,Reflation
1955-02,0.080034,-0.003692,Goldilocks
1955-03,0.073502,-0.001477,Goldilocks
1955-04,0.062169,0.003704,Reflation
1955-05,0.063150,0.000357,Reflation
1955-06,0.029440,-0.003339,Goldilocks
1955-07,0.016486,-0.001117,Goldilocks
1955-08,0.005534,0.001100,Reflation
1955-09,0.013165,0.010029,Reflation
1955-10,0.011502,0.007466,Reflation
1955-11,-0.004214,0.008576,Stagflation
1955-12,-0.020321,0.002244,Stagflation
1956-01,-0.044144,-0.001501,Deflation
1956-02,-0.052087,-0.002243,Deflation
1956-03,-0.066632,-0.000003,Deflation
1956-04,-0.053136,0.002985,Stagflation
1956-05,-0.055497,0.008221,Stagflation
1956-06,-0.041077,0.012740,Stagflation
1956-07,-0.075401,0.014580,Stagflation
1956-08,-0.008064,0.012368,Stagflation
1956-09,0.019051,0.002149,Reflation
1956-10,0.049825,0.005921,Reflation
1956-11,-0.003187,0.001357,Stagflation
1956-12,-0.008530,0.009662,Stagflation
1957-01,-0.010453,0.005581,Stagflation
1957-02,0.020197,0.011559,Reflation
1957-03,0.007668,0.007789,Reflation
1957-04,-0.003730,0.005825,Stagflation
1957-05,-0.017668,0.000890,Stagflation
1957-06,-0.004682,-0.000714,Deflation
1957-07,0.056338,-0.004154,Goldilocks
1957-08,0.008866,-0.000368,Goldilocks
1957-09,-0.034560,0.000107,Stagflation
1957-10,-0.097272,-0.003535,Deflation
1957-11,-0.070071,-0.002803,Deflation
1957-12,-0.070773,-0.005064,Deflation
1958-01,-0.061154,0.005612,Stagflation
1958-02,-0.074412,-0.000341,Deflation
1958-03,-0.051849,0.005851,Stagflation
1958-04,-0.040993,0.001106,Stagflation
1958-05,-0.000809,0.001197,Stagflation
1958-06,0.030239,-0.007793,Goldilocks
1958-07,0.040993,-0.011330,Goldilocks
1958-08,0.047462,-0.010233,Goldilocks
1958-09,0.042994,-0.007626,Goldilocks
1958-10,0.060705,-0.003998,Goldilocks
1958-11,0.095744,-0.004331,Goldilocks
1958-12,0.100580,-0.003271,Goldilocks
1959-01,0.110641,-0.007914,Goldilocks
1959-02,0.102783,-0.008554,Goldilocks
1959-03,0.111848,-0.014099,Goldilocks
1959-04,0.121041,-0.011537,Goldilocks
1959-05,0.081791,-0.006998,Goldilocks
1959-06,0.021228,0.003454,Reflation
1959-07,-0.069040,0.007617,Stagflation
1959-08,-0.135617,0.004838,Stagflation
1959-09,-0.116800,0.004843,Stagflation
1959-10,-0.091400,0.006220,Stagflation
1959-11,-0.054930,0.005524,Stagflation
1959-12,0.018252,0.003427,Reflation
1960-01,0.050427,-0.002810,Goldilocks
1960-02,0.043508,0.000321,Reflation
1960-03,-0.043228,0.000000,Deflation
1960-04,-0.085299,0.006914,Stagflation
1960-05,-0.070768,0.004113,Stagflation
1960-06,-0.059793,0.001988,Stagflation
1960-07,-0.009226,-0.005602,Deflation
1960-08,0.041043,-0.003515,Goldilocks
1960-09,0.045092,-0.004869,Goldilocks
1960-10,0.030745,-0.000094,Goldilocks
1960-11,-0.024143,-0.000085,Deflation
1960-12,-0.091911,0.001293,Stagflation
1961-01,-0.121123,0.002374,Stagflation
1961-02,-0.093201,-0.000030,Deflation
1961-03,-0.001774,0.001020,Stagflation
1961-04,0.048008,-0.006863,Goldilocks
1961-05,0.056870,-0.005490,Goldilocks
1961-06,0.069204,-0.006853,Goldilocks
1961-07,0.057437,0.003381,Reflation
1961-08,0.051965,0.002014,Reflation
1961-09,0.035344,0.004728,Reflation
1961-10,0.041449,-0.004790,Goldilocks
1961-11,0.062880,-0.004429,Goldilocks
1961-12,0.084177,-0.005787,Goldilocks
1962-01,0.051862,-0.001029,Goldilocks
1962-02,0.039546,0.002332,Reflation
1962-03,0.007702,0.004350,Reflation
1962-04,-0.001654,0.006716,Stagflation
1962-05,-0.039304,0.004357,Stagflation
1962-06,-0.055907,0.001340,Stagflation
1962-07,-0.037479,-0.003392,Deflation
1962-08,-0.027999,-0.002049,Deflation
1962-09,-0.002611,0.002277,Stagflation
1962-10,-0.019717,0.003315,Stagflation
1962-11,-0.022899,0.001986,Stagflation
1962-12,-0.039900,-0.002347,Deflation
1963-01,-0.004113,-0.000027,Deflation
1963-02,0.002526,-0.001054,Goldilocks
1963-03,0.012367,-0.001060,Goldilocks
1963-04,0.003054,-0.004378,Goldilocks
1963-05,0.022090,-0.003360,Goldilocks
1963-06,0.026760,0.001971,Reflation
1963-07,0.004953,0.006615,Reflation
1963-08,-0.007977,0.006593,Stagflation
1963-09,-0.009641,-0.003379,Deflation
1963-10,0.011045,-0.003374,Goldilocks
1963-11,0.010802,-0.002355,Goldilocks
1963-12,0.004892,0.006596,Reflation
1964-01,0.000234,0.004247,Reflation
1964-02,-0.005418,0.000941,Stagflation
1964-03,-0.009845,-0.002364,Deflation
1964-04,-0.003871,-0.001006,Deflation
1964-05,-0.005760,0.001297,Stagflation
1964-06,0.000576,-0.001026,Goldilocks
1964-07,0.004257,-0.004667,Goldilocks
1964-08,0.015895,-0.005649,Goldilocks
1964-09,0.009401,-0.001349,Goldilocks
1964-10,-0.023869,0.001280,Stagflation
1964-11,-0.001626,0.004214,Stagflation
1964-12,0.019853,0.000263,Reflation
1965-01,0.044028,-0.001044,Goldilocks
1965-02,0.016325,-0.002000,Goldilocks
1965-03,0.015955,-0.000023,Goldilocks
1965-04,0.000768,0.002904,Reflation
1965-05,0.003692,0.004169,Reflation
1965-06,-0.005379,0.007390,Stagflation
1965-07,0.010758,0.004159,Reflation
1965-08,0.005930,-0.000036,Goldilocks
1965-09,-0.000728,-0.001974,Deflation
1965-10,0.022858,-0.001022,Goldilocks
1965-11,-0.003818,0.001199,Stagflation
1965-12,-0.001856,0.001825,Stagflation
1966-01,-0.029553,0.002151,Stagflation
1966-02,-0.000071,0.008273,Stagflation
1966-03,-0.000254,0.008587,Stagflation
1966-04,-0.002246,0.009499,Stagflation
1966-05,-0.000682,0.002061,Stagflation
1966-06,-0.004462,-0.003427,Deflation
1966-07,-0.005682,-0.001132,Deflation
1966-08,-0.011279,0.007229,Stagflation
1966-09,-0.000633,0.011377,Stagflation
1966-10,0.000198,0.010366,Reflation
1966-11,-0.008023,0.000725,Stagflation
1966-12,-0.026130,-0.002142,Deflation
1967-01,-0.028105,-0.005920,Deflation
1967-02,-0.034913,-0.006912,Deflation
1967-03,-0.044010,-0.008113,Deflation
1967-04,-0.030625,-0.006592,Deflation
1967-05,-0.030453,-0.005494,Deflation
1967-06,-0.015469,0.002931,Stagflation
1967-07,-0.031223,0.003873,Stagflation
1967-08,0.005714,0.002850,Reflation
1967-09,-0.000447,-0.002458,Deflation
1967-10,0.008522,-0.003401,Goldilocks
1967-11,0.011663,0.004988,Reflation
1967-12,0.031368,0.006853,Reflation
1968-01,0.024175,0.010599,Reflation
1968-02,0.018260,0.005342,Reflation
1968-03,0.018802,0.006587,Reflation
1968-04,0.016430,0.002801,Reflation
1968-05,0.021940,0.005932,Reflation
1968-06,0.016779,0.002648,Reflation
1968-07,0.025928,0.005635,Reflation
1968-08,-0.012382,0.002480,Stagflation
1968-09,-0.010717,0.002601,Stagflation
1968-10,-0.017999,0.002568,Stagflation
1968-11,-0.002185,-0.000528,Deflation
1968-12,-0.015843,0.002416,Stagflation
1969-01,-0.001900,-0.000557,Deflation
1969-02,0.002481,0.002536,Reflation
1969-03,0.015386,0.005419,Reflation
1969-04,0.002495,0.008312,Reflation
1969-05,-0.016124,0.008289,Stagflation
1969-06,-0.014774,0.002277,Stagflation
1969-07,-0.002201,-0.000791,Deflation
1969-08,0.012944,-0.000787,Goldilocks
1969-09,0.002415,0.002225,Reflation
1969-10,-0.006499,0.002216,Stagflation
1969-11,-0.029099,0.005036,Stagflation
1969-12,-0.030854,0.002009,Stagflation
1970-01,-0.053941,0.004967,Stagflation
1970-02,-0.037789,0.004924,Stagflation
1970-03,-0.040770,0.001953,Stagflation
1970-04,-0.014824,-0.001019,Deflation
1970-05,-0.005290,-0.003806,Deflation
1970-06,-0.008980,-0.000833,Deflation
1970-07,-0.012788,-0.003541,Deflation
1970-08,-0.019288,-0.003529,Deflation
1970-09,-0.013066,-0.003506,Deflation
1970-10,-0.029729,-0.000765,Deflation
1970-11,-0.022613,-0.000911,Deflation
1970-12,0.007952,-0.000901,Goldilocks
1971-01,0.053057,-0.003530,Goldilocks
1971-02,0.048638,-0.008756,Goldilocks
1971-03,0.024700,-0.011316,Goldilocks
1971-04,0.007088,-0.011212,Goldilocks
1971-05,0.014544,-0.003203,Goldilocks
1971-06,0.021800,-0.000572,Goldilocks
1971-07,0.008297,0.002143,Reflation
1971-08,-0.001971,-0.000452,Deflation
1971-09,0.013871,-0.002998,Goldilocks
1971-10,0.047979,-0.005631,Goldilocks
1971-11,0.062929,-0.008236,Goldilocks
1971-12,0.027747,-0.008153,Goldilocks
1972-01,0.015952,-0.005490,Goldilocks
1972-02,0.017891,0.002240,Reflation
1972-03,0.038417,0.002337,Reflation
1972-04,0.026254,0.002331,Reflation
1972-05,0.008040,-0.005336,Goldilocks
1972-06,-0.002293,-0.005370,Deflation
1972-07,-0.005105,-0.005356,Deflation
1972-08,0.021898,-0.002774,Goldilocks
1972-09,0.014531,0.002233,Reflation
1972-10,0.018290,0.002228,Reflation
1972-11,0.005022,0.004662,Reflation
1972-12,0.013621,0.002201,Reflation
1973-01,-0.010256,0.004623,Stagflation
1973-02,-0.014050,0.004501,Stagflation
1973-03,-0.020640,0.014246,Stagflation
1973-04,-0.014910,0.016604,Stagflation
1973-05,-0.012252,0.016641,Stagflation
1973-06,-0.006629,0.011643,Stagflation
1973-07,0.010908,0.004404,Reflation
1973-08,-0.012818,0.018697,Stagflation
1973-09,-0.011392,0.013682,Stagflation
1973-10,-0.020997,0.023152,Stagflation
1973-11,-0.012213,0.008561,Stagflation
1973-12,-0.026983,0.015778,Stagflation
1974-01,-0.036877,0.015450,Stagflation
1974-02,-0.046992,0.017453,Stagflation
1974-03,-0.032692,0.011971,Stagflation
1974-04,-0.019757,0.004668,Stagflation
1974-05,-0.000808,0.007062,Stagflation
1974-06,-0.003512,0.007215,Stagflation
1974-07,-0.003459,0.014698,Stagflation
1974-08,-0.013957,0.001827,Stagflation
1974-09,-0.018752,0.010872,Stagflation
1974-10,-0.028369,0.003036,Stagflation
1974-11,-0.055695,0.013115,Stagflation
1974-12,-0.079296,0.001481,Stagflation
1975-01,-0.075026,-0.000900,Deflation
1975-02,-0.056347,-0.009954,Deflation
1975-03,-0.034780,-0.016348,Deflation
1975-04,-0.023378,-0.015650,Deflation
1975-05,-0.015202,-0.019458,Deflation
1975-06,0.001856,-0.012766,Goldilocks
1975-07,0.004554,-0.006536,Goldilocks
1975-08,0.032809,-0.006420,Goldilocks
1975-09,0.037472,-0.012785,Goldilocks
1975-10,0.036708,-0.018864,Goldilocks
1975-11,0.051150,-0.012386,Goldilocks
1975-12,0.088945,-0.007760,Goldilocks
1976-01,0.110128,-0.009549,Goldilocks
1976-02,0.112031,-0.011049,Goldilocks
1976-03,0.076959,-0.010685,Goldilocks
1976-04,0.052052,-0.008431,Goldilocks
1976-05,0.025537,-0.000591,Goldilocks
1976-06,0.005341,-0.000793,Goldilocks
1976-07,-0.002677,-0.002935,Deflation
1976-08,-0.014098,-0.004951,Deflation
1976-09,-0.018464,-0.004868,Deflation
1976-10,-0.018317,-0.000911,Deflation
1976-11,-0.000309,-0.006563,Deflation
1976-12,0.006763,-0.004585,Goldilocks
1977-01,-0.009728,-0.002673,Deflation
1977-02,-0.018272,0.010190,Stagflation
1977-03,-0.003956,0.013926,Stagflation
1977-04,0.022536,0.017547,Reflation
1977-05,0.020166,0.006553,Reflation
1977-06,0.016202,0.002734,Reflation
1977-07,0.006430,-0.002852,Goldilocks
1977-08,-0.003842,-0.001058,Deflation
1977-09,-0.010439,-0.002783,Deflation
1977-10,-0.003786,-0.002763,Deflation
1977-11,-0.011730,0.000808,Stagflation
1977-12,-0.021990,0.002545,Stagflation
1978-01,-0.032086,0.004240,Stagflation
1978-02,-0.028590,-0.004731,Deflation
1978-03,-0.012484,-0.003022,Deflation
1978-04,0.006819,-0.003143,Goldilocks
1978-05,0.014249,0.009034,Reflation
1978-06,0.006337,0.010622,Reflation
1978-07,-0.006940,0.012303,Stagflation
1978-08,-0.000289,0.007131,Stagflation
1978-09,-0.000609,0.010449,Stagflation
1978-10,0.008004,0.011983,Reflation
1978-11,0.010946,0.010150,Reflation
1978-12,0.016014,0.005059,Reflation
1979-01,0.019705,0.003218,Reflation
1979-02,0.012885,0.009703,Reflation
1979-03,-0.007342,0.012636,Stagflation
1979-04,-0.051031,0.012347,Stagflation
1979-05,-0.045921,0.008564,Stagflation
1979-06,-0.035535,0.008246,Stagflation
1979-07,-0.002807,0.009652,Stagflation
1979-08,-0.018227,0.011384,Stagflation
1979-09,-0.014521,0.008028,Stagflation
1979-10,-0.013888,0.006212,Stagflation
1979-11,-0.012271,0.007565,Stagflation
1979-12,-0.013840,0.013751,Stagflation
1980-01,-0.002743,0.017971,Stagflation
1980-02,0.002018,0.015693,Reflation
1980-03,-0.001020,0.013375,Stagflation
1980-04,-0.019797,0.007206,Stagflation
1980-05,-0.048249,0.002639,Stagflation
1980-06,-0.053456,-0.003263,Deflation
1980-07,-0.050604,-0.014386,Deflation
1980-08,-0.008432,-0.015357,Deflation
1980-09,0.019910,-0.014971,Goldilocks
1980-10,0.030186,-0.005177,Goldilocks
1980-11,0.038744,-0.002585,Goldilocks
1980-12,0.028849,-0.004151,Goldilocks
1981-01,0.011977,-0.008381,Goldilocks
1981-02,-0.010203,-0.012392,Deflation
1981-03,-0.007128,-0.017420,Deflation
1981-04,0.020073,-0.016589,Goldilocks
1981-05,0.055623,-0.016005,Goldilocks
1981-06,0.065476,-0.009148,Goldilocks
1981-07,0.064310,0.006388,Reflation
1981-08,0.028550,0.010254,Reflation
1981-09,-0.012506,0.012685,Stagflation
1981-10,-0.047987,-0.005033,Deflation
1981-11,-0.071700,-0.012379,Deflation
1981-12,-0.066446,-0.020534,Deflation
1982-01,-0.059256,-0.020147,Deflation
1982-02,-0.007215,-0.019658,Deflation
1982-03,-0.001693,-0.020272,Deflation
1982-04,0.007515,-0.016351,Goldilocks
1982-05,-0.028048,-0.007017,Deflation
1982-06,-0.023895,0.002974,Stagflation
1982-07,-0.028433,-0.000644,Deflation
1982-08,-0.023938,-0.009466,Deflation
1982-09,-0.014444,-0.022414,Deflation
1982-10,-0.006882,-0.015253,Deflation
1982-11,0.008386,-0.014877,Goldilocks
1982-12,0.009565,-0.011152,Goldilocks
1983-01,0.048987,-0.013245,Goldilocks
1983-02,0.015562,-0.009929,Goldilocks
1983-03,0.026662,-0.002354,Goldilocks
1983-04,0.010303,0.002924,Reflation
1983-05,0.048485,-0.000436,Goldilocks
1983-06,0.042778,-0.011161,Goldilocks
1983-07,0.039827,-0.016410,Goldilocks
1983-08,0.048952,-0.009846,Goldilocks
1983-09,0.058100,0.002893,Reflation
1983-10,0.058365,0.003933,Reflation
1983-11,0.045014,0.007068,Reflation
1983-12,0.040445,0.010235,Reflation
1984-01,0.023195,0.015378,Reflation
1984-02,0.026708,0.015306,Reflation
1984-03,0.009418,0.011059,Reflation
1984-04,0.000530,0.002646,Reflation
1984-05,-0.012059,-0.003592,Deflation
1984-06,-0.010827,-0.005670,Deflation
1984-07,-0.016610,-0.002460,Deflation
1984-08,-0.027619,-0.000390,Deflation
1984-09,-0.043585,-0.000431,Deflation
1984-10,-0.038546,-0.000427,Deflation
1984-11,-0.028015,-0.001414,Deflation
1984-12,-0.014266,-0.002395,Deflation
1985-01,-0.026794,-0.007399,Deflation
1985-02,-0.027330,-0.005481,Deflation
1985-03,-0.025859,-0.002533,Deflation
1985-04,-0.013379,0.000558,Stagflation
1985-05,-0.015709,-0.000314,Deflation
1985-06,-0.016435,-0.001257,Deflation
1985-07,-0.015735,-0.001236,Deflation
1985-08,-0.009712,-0.002224,Deflation
1985-09,0.000848,-0.004170,Goldilocks
1985-10,0.005360,-0.002232,Goldilocks
1985-11,0.003500,0.001613,Reflation
1985-12,0.006479,0.005441,Reflation
1986-01,0.015295,0.007385,Reflation
1986-02,0.005204,-0.003153,Goldilocks
1986-03,-0.012862,-0.016379,Deflation
1986-04,-0.015030,-0.023847,Deflation
1986-05,-0.005064,-0.015194,Deflation
1986-06,0.000082,-0.003861,Goldilocks
1986-07,0.007798,0.000825,Reflation
1986-08,0.002829,-0.001036,Goldilocks
1986-09,0.005559,-0.000098,Goldilocks
1986-10,0.001669,-0.001045,Goldilocks
1986-11,0.007109,-0.002911,Goldilocks
1986-12,0.007798,-0.005704,Goldilocks
1987-01,-0.008762,-0.002019,Deflation
1987-02,0.011210,0.006299,Reflation
1987-03,0.020219,0.016542,Reflation
1987-04,0.034393,0.023150,Reflation
1987-05,0.018960,0.017554,Reflation
1987-06,0.019765,0.009063,Reflation
1987-07,0.015002,0.002471,Reflation
1987-08,0.019866,0.006186,Reflation
1987-09,0.011673,0.005250,Reflation
1987-10,0.020996,0.004288,Reflation
1987-11,0.012032,0.002407,Reflation
1987-12,0.006421,0.000594,Reflation
1988-01,0.000341,-0.002265,Goldilocks
1988-02,-0.009275,-0.005934,Deflation
1988-03,-0.004051,-0.004997,Deflation
1988-04,-0.008158,-0.001364,Deflation
1988-05,-0.008331,0.000467,Stagflation
1988-06,-0.011821,0.001323,Stagflation
1988-07,-0.018266,0.001372,Stagflation
1988-08,-0.012009,0.001297,Stagflation
1988-09,-0.016980,0.002201,Stagflation
1988-10,-0.019223,0.001308,Stagflation
1988-11,-0.019148,0.001341,Stagflation
1988-12,-0.012879,0.002269,Stagflation
1989-01,-0.000393,0.002219,Stagflation
1989-02,-0.007548,0.004011,Stagflation
1989-03,-0.006412,0.004809,Stagflation
1989-04,-0.015687,0.005514,Stagflation
1989-05,-0.009740,0.006294,Stagflation
1989-06,-0.012776,0.002768,Stagflation
1989-07,-0.016609,0.000292,Stagflation
1989-08,-0.008124,-0.006547,Deflation
1989-09,-0.005131,-0.007343,Deflation
1989-10,-0.000909,-0.004761,Deflation
1989-11,-0.004706,0.000332,Stagflation
1989-12,-0.003748,0.002045,Stagflation
1990-01,-0.006075,0.006109,Stagflation
1990-02,0.006421,0.006081,Reflation
1990-03,0.007959,0.005977,Reflation
1990-04,0.013450,-0.004864,Goldilocks
1990-05,0.008818,-0.008978,Goldilocks
1990-06,0.009847,-0.005637,Goldilocks
1990-07,0.020450,0.001077,Reflation
1990-08,0.005227,0.013374,Reflation
1990-09,0.004993,0.014962,Reflation
1990-10,-0.007722,0.015603,Stagflation
1990-11,-0.017644,0.004926,Stagflation
1990-12,-0.033697,0.000851,Stagflation
1991-01,-0.027305,-0.007325,Deflation
1991-02,-0.027146,-0.008829,Deflation
1991-03,-0.024782,-0.014338,Deflation
1991-04,-0.021491,-0.008371,Deflation
1991-05,0.000830,-0.002776,Goldilocks
1991-06,0.015816,-0.001252,Goldilocks
1991-07,0.015197,-0.004421,Goldilocks
1991-08,0.005605,-0.012355,Goldilocks
1991-09,0.008731,-0.012997,Goldilocks
1991-10,0.009533,-0.015192,Goldilocks
1991-11,0.024174,-0.007328,Goldilocks
1991-12,0.018977,-0.004156,Goldilocks
1992-01,0.011709,-0.001760,Goldilocks
1992-02,0.015138,-0.002476,Goldilocks
1992-03,0.027280,0.002093,Reflation
1992-04,0.034392,0.005102,Reflation
1992-05,0.013452,0.002046,Reflation
1992-06,-0.008979,-0.001752,Deflation
1992-07,-0.007536,-0.000257,Deflation
1992-08,-0.006990,0.000511,Stagflation
1992-09,-0.003927,-0.000220,Deflation
1992-10,-0.003019,0.001228,Stagflation
1992-11,0.008281,0.000458,Reflation
1992-12,0.019813,-0.000260,Goldilocks
1993-01,0.021856,-0.000261,Goldilocks
1993-02,0.013974,0.001263,Reflation
1993-03,-0.002611,0.000527,Stagflation
1993-04,-0.017113,-0.000974,Deflation
1993-05,-0.022063,-0.000256,Deflation
1993-06,-0.010500,-0.000216,Deflation
1993-07,-0.012137,-0.003094,Deflation
1993-08,-0.000339,-0.003803,Deflation
1993-09,-0.000074,-0.002339,Deflation
1993-10,0.007151,-0.000947,Goldilocks
1993-11,0.003441,-0.000964,Goldilocks
1993-12,0.005740,0.000470,Reflation
1994-01,0.004158,-0.003013,Goldilocks
1994-02,-0.000991,-0.002288,Deflation
1994-03,0.006060,-0.001592,Goldilocks
1994-04,0.010340,-0.000866,Goldilocks
1994-05,0.023475,-0.002272,Goldilocks
1994-06,0.016791,-0.001570,Goldilocks
1994-07,0.012063,0.003346,Reflation
1994-08,0.011639,0.006121,Reflation
1994-09,0.004633,0.004707,Reflation
1994-10,0.006826,-0.000891,Goldilocks
1994-11,0.000864,-0.002978,Goldilocks
1994-12,0.007697,-0.003681,Goldilocks
1995-01,0.005690,0.002609,Reflation
1995-02,0.001467,0.002602,Reflation
1995-03,-0.012093,0.001898,Stagflation
1995-04,-0.018868,0.002542,Stagflation
1995-05,-0.016719,0.002557,Stagflation
1995-06,-0.011288,0.002554,Stagflation
1995-07,-0.009016,-0.002948,Deflation
1995-08,-0.002570,-0.005012,Deflation
1995-09,0.001939,-0.004974,Goldilocks
1995-10,-0.002493,-0.000859,Deflation
1995-11,-0.013592,-0.000140,Deflation
1995-12,-0.021420,-0.000136,Deflation
1996-01,-0.018839,0.000464,Stagflation
1996-02,0.001567,0.001136,Reflation
1996-03,0.005487,0.003123,Reflation
1996-04,0.025166,0.000420,Reflation
1996-05,0.011750,0.001101,Reflation
1996-06,0.019226,-0.000224,Goldilocks
1996-07,0.011731,0.000507,Reflation
1996-08,0.000591,-0.000148,Goldilocks
1996-09,-0.001582,0.001830,Stagflation
1996-10,-0.003998,0.001785,Stagflation
1996-11,0.011353,0.004408,Reflation
1996-12,0.012128,0.003742,Reflation
1997-01,0.017773,-0.000238,Goldilocks
1997-02,0.008059,-0.002208,Goldilocks
1997-03,0.013046,-0.006135,Goldilocks
1997-04,-0.004099,-0.006038,Deflation
1997-05,-0.003301,-0.007944,Deflation
1997-06,-0.014579,-0.005317,Deflation
1997-07,0.003653,-0.002687,Goldilocks
1997-08,0.010895,0.000522,Reflation
1997-09,0.017184,-0.000142,Goldilocks
1997-10,0.017524,-0.000796,Goldilocks
1997-11,0.010915,-0.003997,Goldilocks
1997-12,0.005502,-0.005224,Goldilocks
1998-01,-0.000704,-0.004549,Deflation
1998-02,-0.010365,-0.004502,Deflation
1998-03,-0.014450,-0.003203,Deflation
1998-04,-0.015065,-0.001927,Deflation
1998-05,-0.002871,0.002484,Stagflation
1998-06,-0.007774,0.002463,Stagflation
1998-07,-0.023211,0.003072,Stagflation
1998-08,-0.013235,-0.000716,Deflation
1998-09,-0.012097,-0.001962,Deflation
1998-10,-0.001181,-0.002596,Deflation
1998-11,-0.021240,-0.001327,Deflation
1998-12,-0.010793,0.001801,Stagflation
1999-01,-0.008747,0.001806,Stagflation
1999-02,0.004839,0.001824,Reflation
1999-03,0.006556,0.001215,Reflation
1999-04,0.005442,0.006145,Reflation
1999-05,0.000540,0.004244,Reflation
1999-06,0.004013,0.002372,Reflation
1999-07,0.015327,-0.001365,Goldilocks
1999-08,-0.001699,0.001734,Stagflation
1999-09,-0.010820,0.006644,Stagflation
1999-10,-0.015405,0.004179,Stagflation
1999-11,0.007751,0.003560,Reflation
1999-12,0.014725,0.000464,Reflation
2000-01,0.003215,0.002304,Reflation
2000-02,-0.005713,0.005976,Stagflation
2000-03,-0.007696,0.010857,Stagflation
2000-04,0.002071,0.002209,Reflation
2000-05,0.001381,-0.000854,Goldilocks
2000-06,0.001270,-0.000272,Goldilocks
2000-07,-0.010582,0.005854,Stagflation
2000-08,-0.013780,0.002188,Stagflation
2000-09,-0.006055,-0.002784,Deflation
2000-10,-0.014556,-0.001490,Deflation
2000-11,-0.012243,0.000929,Stagflation
2000-12,-0.032290,-0.000205,Deflation
2001-01,-0.019166,0.002709,Stagflation
2001-02,-0.024160,0.000852,Stagflation
2001-03,-0.018621,-0.004536,Deflation
2001-04,-0.024579,-0.005029,Deflation
2001-05,-0.022243,0.000337,Stagflation
2001-06,-0.022199,0.002115,Stagflation
2001-07,-0.017133,-0.004968,Deflation
2001-08,-0.008303,-0.008416,Deflation
2001-09,-0.012079,-0.006018,Deflation
2001-10,-0.006670,-0.005938,Deflation
2001-11,-0.014234,-0.008271,Deflation
2001-12,-0.002246,-0.009885,Deflation
2002-01,0.007579,-0.009318,Goldilocks
2002-02,0.020049,-0.007580,Goldilocks
2002-03,0.026373,-0.002408,Goldilocks
2002-04,0.023773,0.004481,Reflation
2002-05,0.026067,0.001045,Reflation
2002-06,0.030584,-0.002936,Goldilocks
2002-07,0.028440,-0.001784,Goldilocks
2002-08,0.019758,0.005066,Reflation
2002-09,0.012252,0.004468,Reflation
2002-10,0.006748,0.005614,Reflation
2002-11,0.018690,0.005061,Reflation
2002-12,0.007343,0.009643,Reflation
2003-01,0.008576,0.007304,Reflation
2003-02,-0.002298,0.008925,Stagflation
2003-03,-0.007095,0.005449,Stagflation
2003-04,-0.020023,-0.005823,Deflation
2003-05,-0.025448,-0.012519,Deflation
2003-06,-0.022298,-0.010764,Deflation
2003-07,-0.005818,-0.001196,Deflation
2003-08,-0.002577,0.003219,Stagflation
2003-09,0.009996,0.004295,Reflation
2003-10,0.007890,-0.000136,Goldilocks
2003-11,0.010078,-0.002877,Goldilocks
2003-12,0.010435,-0.003431,Goldilocks
2004-01,0.000004,-0.000157,Goldilocks
2004-02,0.003794,-0.002399,Goldilocks
2004-03,-0.003578,-0.002951,Deflation
2004-04,0.013388,0.002663,Reflation
2004-05,0.016182,0.012093,Reflation
2004-06,0.008207,0.014276,Reflation
2004-07,0.000697,0.006470,Reflation
2004-08,-0.004061,-0.003503,Deflation
2004-09,0.000018,-0.006285,Goldilocks
2004-10,0.005109,0.002513,Reflation
2004-11,-0.002154,0.010742,Stagflation
2004-12,0.011023,0.008032,Reflation
2005-01,0.005699,-0.003460,Goldilocks
2005-02,0.011292,-0.005686,Goldilocks
2005-03,0.006174,-0.001355,Goldilocks
2005-04,0.002408,0.005169,Reflation
2005-05,-0.005387,-0.001837,Deflation
2005-06,0.004662,-0.006658,Goldilocks
2005-07,-0.004766,-0.002946,Deflation
2005-08,0.004441,0.007776,Reflation
2005-09,-0.029773,0.022008,Stagflation
2005-10,-0.015089,0.012829,Stagflation
2005-11,-0.008855,-0.003084,Deflation
2005-12,0.009685,-0.014033,Goldilocks
2006-01,0.003986,-0.003313,Goldilocks
2006-02,-0.011878,0.002997,Stagflation
2006-03,-0.005344,0.000794,Stagflation
2006-04,-0.002379,-0.004050,Deflation
2006-05,0.003914,0.003390,Reflation
2006-06,-0.001112,0.007638,Stagflation
2006-07,0.000702,0.004908,Reflation
2006-08,0.002513,-0.000507,Goldilocks
2006-09,0.022356,-0.021697,Goldilocks
2006-10,0.005963,-0.026983,Goldilocks
2006-11,-0.007048,-0.019579,Deflation
2006-12,-0.020452,0.005119,Stagflation
2007-01,-0.011834,0.006694,Stagflation
2007-02,0.009172,0.004516,Reflation
2007-03,0.003601,0.002742,Reflation
2007-04,0.012429,0.005172,Reflation
2007-05,0.004005,0.002896,Reflation
2007-06,0.001832,-0.001054,Goldilocks
2007-07,-0.002642,-0.002750,Deflation
2007-08,-0.005881,-0.008124,Deflation
2007-09,0.000761,0.001411,Reflation
2007-10,-0.000255,0.012928,Stagflation
2007-11,0.008170,0.024758,Reflation
2007-12,-0.005871,0.012750,Stagflation
2008-01,-0.002037,0.006840,Stagflation
2008-02,-0.021485,-0.002303,Deflation
2008-03,-0.016296,-0.001339,Deflation
2008-04,-0.031570,-0.003909,Deflation
2008-05,-0.024986,-0.000545,Deflation
2008-06,-0.022984,0.009611,Stagflation
2008-07,-0.012158,0.015938,Stagflation
2008-08,-0.022450,0.012196,Stagflation
2008-09,-0.064051,0.000174,Stagflation
2008-10,-0.049958,-0.017665,Deflation
2008-11,-0.049865,-0.042081,Deflation
2008-12,-0.031462,-0.049755,Deflation
2009-01,-0.064202,-0.038446,Deflation
2009-02,-0.048929,-0.010915,Deflation
2009-03,-0.033798,-0.004243,Deflation
2009-04,-0.014394,-0.004627,Deflation
2009-05,-0.015976,-0.010242,Deflation
2009-06,-0.006264,-0.007827,Deflation
2009-07,0.007952,-0.013824,Goldilocks
2009-08,0.034711,-0.004681,Goldilocks
2009-09,0.084766,-0.001488,Goldilocks
2009-10,0.065442,0.017348,Reflation
2009-11,0.058593,0.033984,Reflation
2009-12,0.041017,0.041921,Reflation
2010-01,0.083468,0.028451,Reflation
2010-02,0.077008,0.002367,Reflation
2010-03,0.069049,-0.005280,Goldilocks
2010-04,0.045559,-0.004143,Goldilocks
2010-05,0.060718,-0.001478,Goldilocks
2010-06,0.043507,-0.011646,Goldilocks
2010-07,0.023188,-0.008660,Goldilocks
2010-08,-0.009739,-0.008534,Deflation
2010-09,-0.022046,-0.000032,Deflation
2010-10,-0.019868,-0.001741,Deflation
2010-11,-0.015737,-0.000656,Deflation
2010-12,-0.003505,0.003195,Stagflation
2011-01,-0.011278,0.005341,Stagflation
2011-02,-0.015676,0.010404,Stagflation
2011-03,-0.018032,0.011814,Stagflation
2011-04,-0.011272,0.013765,Stagflation
2011-05,-0.015785,0.013341,Stagflation
2011-06,-0.018241,0.008831,Stagflation
2011-07,-0.010212,0.005026,Stagflation
2011-08,0.005504,0.002960,Reflation
2011-09,0.000435,0.003103,Reflation
2011-10,0.009321,-0.000576,Goldilocks
2011-11,0.005181,-0.003036,Goldilocks
2011-12,0.004468,-0.007506,Goldilocks
2012-01,0.002748,-0.005135,Goldilocks
2012-02,0.011217,-0.005533,Goldilocks
2012-03,-0.000304,-0.004792,Deflation
2012-04,0.002130,-0.007356,Goldilocks
2012-05,-0.004206,-0.011602,Deflation
2012-06,0.008819,-0.009290,Goldilocks
2012-07,-0.004854,-0.008557,Deflation
2012-08,-0.017329,-0.000520,Deflation
2012-09,-0.014154,0.002958,Stagflation
2012-10,-0.014757,0.007382,Stagflation
2012-11,0.000402,0.001101,Reflation
2012-12,-0.002683,-0.001902,Deflation
2013-01,-0.004962,-0.004716,Deflation
2013-02,-0.007312,0.002221,Stagflation
2013-03,0.005079,-0.002408,Goldilocks
2013-04,0.002678,-0.005453,Goldilocks
2013-05,-0.000351,-0.006278,Deflation
2013-06,-0.007702,0.001970,Stagflation
2013-07,-0.004781,0.007467,Stagflation
2013-08,0.006999,0.001484,Reflation
2013-09,0.010902,-0.006211,Goldilocks
2013-10,0.011814,-0.010087,Goldilocks
2013-11,0.000226,-0.003059,Goldilocks
2013-12,-0.006094,0.004181,Stagflation
2014-01,-0.005612,0.006810,Stagflation
2014-02,-0.001334,-0.001124,Deflation
2014-03,0.004788,0.000999,Reflation
2014-04,0.010557,0.004574,Reflation
2014-05,0.010774,0.010465,Reflation
2014-06,0.006417,0.004463,Reflation
2014-07,0.010055,-0.000409,Goldilocks
2014-08,-0.001007,-0.004518,Deflation
2014-09,-0.004674,-0.003749,Deflation
2014-10,-0.009258,-0.003647,Deflation
2014-11,0.002608,-0.004836,Goldilocks
2014-12,0.002721,-0.010309,Goldilocks
2015-01,-0.002657,-0.018395,Deflation
2015-02,-0.020814,-0.013186,Deflation
2015-03,-0.031732,-0.006752,Deflation
2015-04,-0.033707,0.001259,Stagflation
2015-05,-0.027652,0.001221,Stagflation
2015-06,-0.021036,0.002016,Stagflation
2015-07,-0.010459,0.003297,Stagflation
2015-08,-0.002249,0.002063,Stagflation
2015-09,-0.001344,-0.001707,Deflation
2015-10,-0.010348,-0.000981,Deflation
2015-11,-0.023476,0.001950,Stagflation
2015-12,-0.022554,0.006299,Stagflation
2016-01,-0.005112,0.011099,Stagflation
2016-02,0.009137,0.004110,Reflation
2016-03,0.009808,0.002529,Reflation
2016-04,0.005784,-0.000649,Goldilocks
2016-05,0.006712,0.002312,Reflation
2016-06,0.018372,0.001877,Reflation
2016-07,0.004612,-0.003043,Goldilocks
2016-08,0.002839,-0.000232,Goldilocks
2016-09,-0.003158,0.004694,Stagflation
2016-10,0.006944,0.008176,Reflation
2016-11,0.009780,0.006290,Reflation
2016-12,0.019735,0.005022,Reflation
2017-01,0.006993,0.008245,Reflation
2017-02,0.004998,0.011260,Reflation
2017-03,0.007367,0.003904,Reflation
2017-04,0.022024,-0.003342,Goldilocks
2017-05,0.024365,-0.009540,Goldilocks
2017-06,0.007641,-0.008006,Goldilocks
2017-07,-0.002805,-0.004511,Deflation
2017-08,-0.008978,0.000718,Stagflation
2017-09,-0.004173,0.005400,Stagflation
2017-10,0.011732,0.002957,Reflation
2017-11,0.021140,0.002444,Reflation
2017-12,0.014041,-0.000506,Goldilocks
2018-01,0.004433,0.001306,Reflation
2018-02,0.004332,0.000910,Reflation
2018-03,0.007577,0.002010,Reflation
2018-04,0.005745,0.003197,Reflation
2018-05,-0.011411,0.005185,Stagflation
2018-06,-0.003838,0.004766,Stagflation
2018-07,-0.000554,0.003831,Stagflation
2018-08,0.020952,-0.001390,Goldilocks
2018-09,0.014728,-0.004755,Goldilocks
2018-10,-0.003235,-0.003621,Deflation
2018-11,-0.015869,-0.004956,Deflation
2018-12,-0.017226,-0.003297,Deflation
2019-01,-0.010192,-0.010044,Deflation
2019-02,-0.016570,-0.006285,Deflation
2019-03,-0.019367,-0.001192,Deflation
2019-04,-0.029364,0.005130,Stagflation
2019-05,-0.011198,0.002770,Stagflation
2019-06,-0.013915,-0.002120,Deflation
2019-07,-0.003527,-0.001743,Deflation
2019-08,-0.013295,-0.000583,Deflation
2019-09,-0.010005,0.000133,Stagflation
2019-10,-0.010820,-0.000924,Deflation
2019-11,-0.007079,0.003546,Stagflation
2019-12,-0.005617,0.006350,Stagflation
2020-01,0.001691,0.008658,Reflation
2020-02,0.006244,0.002490,Reflation
2020-03,-0.030159,-0.008255,Deflation
2020-04,-0.150279,-0.022867,Deflation
2020-05,-0.146245,-0.021431,Deflation
2020-06,-0.052710,-0.007774,Deflation
2020-07,0.105347,0.006838,Reflation
2020-08,0.095355,0.010829,Reflation
2020-09,0.044030,0.006744,Reflation
2020-10,0.021609,0.002335,Reflation
2020-11,0.017489,-0.001053,Goldilocks
2020-12,0.029016,-0.000706,Goldilocks
2021-01,0.024931,0.001435,Reflation
2021-02,-0.009173,0.004941,Stagflation
2021-03,0.042853,0.013474,Reflation
2021-04,0.186817,0.027592,Reflation
2021-05,0.213540,0.032484,Reflation
2021-06,0.079546,0.026278,Reflation
2021-07,-0.110522,0.011121,Stagflation
2021-08,-0.114122,0.002338,Stagflation
2021-09,-0.059459,0.000556,Stagflation
2021-10,-0.019370,0.009899,Stagflation
2021-11,-0.003636,0.017500,Stagflation
2021-12,-0.007661,0.018231,Stagflation
2022-01,-0.022447,0.013238,Stagflation
2022-02,0.015320,0.010353,Reflation
2022-03,0.008080,0.013979,Reflation
2022-04,0.016053,0.006729,Reflation
2022-05,-0.035186,0.006009,Stagflation
2022-06,-0.018327,0.004072,Stagflation
2022-07,-0.019548,0.002308,Stagflation
2022-08,-0.008589,-0.003156,Deflation
2022-09,0.012403,-0.007873,Goldilocks
2022-10,0.000962,-0.007038,Goldilocks
2022-11,-0.009631,-0.010997,Deflation
2022-12,-0.032636,-0.017875,Deflation
2023-01,-0.007460,-0.014316,Deflation
2023-02,-0.002525,-0.011650,Deflation
2023-03,0.004365,-0.014869,Goldilocks
2023-04,-0.005032,-0.013771,Deflation
2023-05,-0.002361,-0.018260,Deflation
2023-06,-0.005242,-0.018471,Deflation
2023-07,-0.001281,-0.016623,Deflation
2023-08,0.001454,-0.004093,Goldilocks
2023-09,0.006221,0.006166,Reflation
2023-10,-0.004618,-0.000365,Deflation
2023-11,0.001638,-0.005892,Goldilocks
2023-12,0.011059,-0.003713,Goldilocks
2024-01,-0.005020,-0.001629,Deflation
2024-02,-0.002639,0.000237,Stagflation
2024-03,-0.013960,0.001709,Stagflation
2024-04,0.002791,0.002725,Reflation
2024-05,0.002893,0.000872,Reflation
2024-06,0.013308,-0.005166,Goldilocks
2024-07,0.000745,-0.004193,Goldilocks
2024-08,-0.003400,-0.006371,Deflation
2024-09,-0.019739,-0.005438,Deflation
2024-10,-0.000721,-0.003626,Deflation
2024-11,-0.011529,0.001123,Stagflation
2024-12,0.009263,0.004442,Reflation
2025-01,0.018437,0.004121,Reflation
2025-02,0.023699,0.000821,Reflation
2025-03,0.008544,-0.004887,Goldilocks
2025-04,0.000333,-0.006656,Goldilocks
2025-05,-0.007104,-0.004243,Deflation
2025-06,-0.000009,0.002985,Stagflation
2025-07,0.010364,0.004172,Reflation
2025-08,0.010871,0.005613,Reflation
2025-09,0.012838,0.003421,Reflation
2026-02,-0.009571,-0.002624,Deflation
2026-03,-0.004564,0.006327,Stagflation
2026-04,0.004029,0.013880,Reflation
2026-05,0.007324,0.017326,Reflation
2026-06,0.005827,0.001776,Reflation
2026-07,-0.002969,-0.004754,Deflation
