,CAGR,Vol,Sharpe,Sortino,MaxDD,Calmar,ProfitFactor,WinRate_d,Trades,WinRate_t,CRV,Expectancy_EUR,NetProfit_EUR,N_days,EndBalance_EUR,AvgWin_EUR,AvgLoss_EUR,RoundTrips_pa,ContinuousSleeve
BH,0.13327922523713154,0.16860637373276313,0.8267868976238127,1.0104913259358204,-0.33971831651442563,0.39232275316974863,1.1722106419063059,0.548801870251315,1,1.0,,446840.88375321915,446840.88375321915,3422,546840.8837532192,446840.88375321915,,0.0,True
VM[logHAR],0.12215557353373963,0.14763945387907268,0.8548171657413263,1.1005668609994295,-0.253479077713457,0.4819158040011066,1.1662234588196527,0.5479251899473991,1,1.0,,378287.38085445395,378287.38085445395,3422,478287.38085445395,378287.38085445395,,18.41889551660777,True
TSMOM63|LS|VT,0.021072881700002766,0.15772097559045536,0.21149731291204887,0.2634391245596365,-0.40236579381241766,0.05237244821518529,1.0390034750465527,0.5336060783167739,154,0.3116883116883117,2.8316827546124546,295.92995794168394,32734.802237863303,3422,132734.8022378633,4313.019792755072,-1523.1295898983408,15.282262251861363,False
TSMOM63|LS|raw,0.016373631149976253,0.1688061547521295,0.18083866462196074,0.2208912423824525,-0.4027875460647051,0.04065078801454784,1.0353365763296787,0.5338983050847458,154,0.3181818181818182,2.6562094409522663,244.49641213422314,24675.33577507091,3422,124675.33577507091,3975.9776704707365,-1496.8615084228168,11.270388775211925,False
TSMOM63|LF|VT,0.08482570619217888,0.11921168257231987,0.7431562071534978,0.7835847525639973,-0.2530103357021102,0.33526577464428625,1.163566497677013,0.42840444184687315,77,0.4155844155844156,4.242887417199055,1640.974780719366,202110.56374975923,3422,302110.5637497592,5906.09372260966,-1391.9986890692876,8.397045917335333,False
TSMOM63|LF|raw,0.08213820219425227,0.10943148713937843,0.7764137393427945,0.8414342119530809,-0.224900556878338,0.36522009253487836,1.1668660258805887,0.4286966686148451,77,0.42857142857142855,4.0843856509081,1578.942266737021,192104.1269775381,3422,292104.1269775381,5469.793464937029,-1339.1961319129855,5.635194387605963,False
TSMOM126|LS|VT,0.024914042918900314,0.1577650974259865,0.23523449642679373,0.2958160818696006,-0.5214372975104586,0.047779556694255466,1.043483527025919,0.5347749853886616,97,0.28865979381443296,3.441047160709468,582.6745942783317,39678.22244628015,3422,139678.22244628015,7111.183751423799,-2066.5754984763503,9.933038388847773,False
TSMOM126|LS|raw,0.03498661559576188,0.16880467389581544,0.2882998598252006,0.35633627644422033,-0.4796059272978249,0.07294867224198409,1.056929155955456,0.5350672121566336,97,0.27835051546391754,3.9627215607121324,711.782646973216,59515.98106648485,3422,159515.98106648485,7395.839456673537,-1866.3535510540503,7.071616486407483,False
TSMOM126|LF|VT,0.08688022594788891,0.11908723542975806,0.7596665944066474,0.8297229003276896,-0.19525846860096596,0.44494984811869565,1.1618400570404932,0.4462302746931619,49,0.40816326530612246,5.612550535483806,2699.579277207221,209973.34090215364,3422,309973.34090215364,8917.906514849765,-1588.922265994534,5.739279291656826,False
TSMOM126|LF|raw,0.09129026306372601,0.11521844030517558,0.8161363058811805,0.9239574476456586,-0.20005053255246374,0.45633601620023134,1.172615458769427,0.4465225014611338,49,0.40816326530612246,6.109353149362471,2832.4331330031296,227495.1833535325,3422,327495.1833535325,9099.035344724949,-1489.36149577054,3.5358082432037414,False
TSMOM252|LS|VT,0.05992934020956797,0.15773255629956567,0.4483687123736671,0.5452023668688164,-0.31351996159222906,0.1911499985685549,1.0845254726573479,0.5447106954997077,45,0.28888888888888886,5.891784249202588,2352.4393762440395,120416.67429033786,3422,220416.67429033786,13986.504746643513,-2373.8996804807457,6.397762128782105,False
TSMOM252|LS|raw,0.05434619748513092,0.16878286959384992,0.39837949989940186,0.4675514710706185,-0.36210113340776706,0.15008568731523667,1.0795153102658666,0.5450029222676798,45,0.2222222222222222,7.8000145688423865,2189.6409848808526,105162.39182364714,3422,205162.39182364714,17873.55388947283,-2291.476987859713,3.2411575562700965,False
TSMOM252|LF|VT,0.10352160196508464,0.13155347671214482,0.8151686021836951,0.9019985896912115,-0.19711233546815488,0.5251908852848503,1.1720000063947242,0.47311513734658095,23,0.4782608695652174,9.144544820884319,6943.729992292143,281010.22657480143,3422,381010.22657480143,16485.3467445078,-1802.7520305722107,4.1397193422734135,False
TSMOM252|LF|raw,0.09955513826949747,0.12926349041057117,0.7993021663818429,0.8839601439809818,-0.21952452259946398,0.4535034951477469,1.168932674744048,0.4734073641145529,23,0.391304347826087,11.404380466409306,6705.891815163265,262828.0530719171,3422,362828.0530719171,19843.99688214704,-1740.032870754878,1.6205787781350482,False
REV|z0.75|h1,0.0452538334866841,0.06218148971639475,0.7430517754813268,0.3861541582984992,-0.1734192892261437,0.26095040343333326,1.4064138391271954,0.07627118644067797,183,0.7486338797814208,0.6439371645684376,351.988994185999,82397.72569206584,3422,182397.72569206584,982.4528005604359,-1525.6966900161278,13.480268927214263,False
REV|z0.75|h3,0.051535689183665134,0.0768461413032492,0.692467334360689,0.4552122531316312,-0.20128708257773942,0.25603078212314717,1.2790189688924891,0.12916423144360023,133,0.7593984962406015,0.635736952931873,546.608548972625,97859.22232618436,3422,197859.22232618436,1434.9026814599529,-2257.0698066905043,9.760304004676994,False
REV|z0.75|h5,0.062415440073070316,0.08718550824167602,0.7383092075233675,0.5214032170970075,-0.1861068847433831,0.33537415963484096,1.2607487748439952,0.1706604324956166,119,0.7563025210084033,0.6653806288613675,745.9658961885656,127541.64819084766,3422,227541.64819084766,1912.4889540463075,-2874.2780764733925,8.729026600409238,False
REV|z1.0|h1,0.027736216264458546,0.05597349312433489,0.5169088646994688,0.22307631003845865,-0.17415567746271343,0.1592610511959729,1.3255514063525282,0.05026300409117475,126,0.6904761904761905,0.756137715421527,319.6135816286978,44992.45733791002,3422,144992.45733791002,1136.89809731701,-1503.559568752921,9.281496638409822,False
REV|z1.0|h3,0.05610829069559342,0.06980164106181164,0.817100501443355,0.4577873252781028,-0.17862814391923976,0.31410666575005536,1.4126067680592564,0.09205143191116306,106,0.7452830188679245,0.8589288783206055,732.7053577510227,109867.75870424954,3422,209867.75870424954,1632.8382599405986,-1901.0168375444027,7.771411867874891,False
REV|z1.0|h5,0.054150121620498703,0.07976952401826133,0.7012285163655985,0.42750080884988245,-0.2051606700992915,0.2639400699670736,1.2940616584498292,0.12215078901227353,95,0.7578947368421053,0.660011084387463,811.6031110816715,104644.89200775046,3422,204644.89200775046,2075.3145774060094,-3144.363218281475,6.961122478807366,False
REV|z1.5|h1,0.015342117188722026,0.040356285314937464,0.39758379896008184,0.11850058159316502,-0.10648514557905231,0.1440775340569203,1.3769698041916911,0.02396259497369959,71,0.704225352112676,0.7321954437770605,314.4081125689042,22968.029324646923,3422,122968.02932464692,1047.0864734878137,-1430.0641753332618,5.230049693072202,False
REV|z1.5|h3,0.03354513798386316,0.054847270706085104,0.6290585455368797,0.2543339651936094,-0.09666956723103293,0.3470082565249602,1.4464726873945806,0.04763296317942724,60,0.8,0.6095877508829969,783.4960290615343,56525.395546841,3422,156525.395546841,1660.267837991459,-2723.591206658166,4.382928968137971,False
REV|z1.5|h5,0.031461086047620324,0.0646039788016504,0.5120145314598762,0.22292689318503828,-0.15858634154142592,0.1983845881166384,1.2960302000578174,0.06545879602571596,56,0.7321428571428571,0.7638864905997315,812.1249434146891,52293.41807810718,3422,152293.41807810718,2128.810250206149,-2786.814895148634,4.088278281204326,False
VIXTS|d1.0|w0.0,0.10999337292711209,0.1310045954080109,0.8623729469439599,1.0862409427805282,-0.29796534985405365,0.3691482012287265,1.1694621098555171,0.5078901227352426,87,0.41379310344827586,3.856463132248159,1885.875451706591,312498.2074340175,3422,412498.2074340175,7203.861345587117,-1867.9969439737813,6.3349897690733705,False
VIXTS|d1.0|w0.3,0.11825941251038619,0.13480330697275766,0.8968833051366621,1.1656524587861528,-0.2849101599388686,0.41507615079701043,1.170462297543572,0.548801870251315,1,1.0,,356223.00024677324,356223.00024677324,3422,456223.00024677324,356223.00024677324,,4.434492838351359,True
VIXTS|d1.05|w0.0,0.08212652922738672,0.11521605820366604,0.7428935079728729,0.8678964932957616,-0.27833690932564636,0.29506158355484574,1.1558553113682317,0.4482758620689655,146,0.410958904109589,2.721709618912675,822.6509131966966,192061.34250167367,3422,292061.3425016737,4228.791329097848,-1553.726121152944,10.717918737211342,False
VIXTS|d1.05|w0.3,0.09898427457238279,0.12095859163449495,0.8410791162521309,1.0646023149643433,-0.2574415477712467,0.3844922291266546,1.1622889986523481,0.5485096434833431,1,1.0,,260278.41760083742,260278.41760083742,3422,360278.4176008374,260278.41760083742,,7.5025431160479386,True
VIXTS|c1.5,0.036116476503439854,0.042307278051781944,0.8598425513165917,1.1222372606338593,-0.09868516581878628,0.3659767524711856,1.1582848230276561,0.5414962010520163,14,0.5714285714285714,7.11099717262575,3687.500935258167,61896.974551803374,3422,161896.97455180337,7213.989257165513,-1014.4834939516271,5.1553237508173275,False
VIXTS|c2.0,0.04802404228047319,0.0564097040690426,0.8598425513165915,1.122237260633859,-0.13000899280769995,0.36939015712172263,1.1582848230276561,0.5414962010520163,14,0.5714285714285714,7.181921936200662,4987.085532118725,89072.5941294466,3422,189072.5941294466,9745.065913141589,-1356.888309245097,6.87376500108977,False
TOM|l3f2,0.0397182872886217,0.0757959690411324,0.5518365115099924,0.3882563100863362,-0.13074247651951743,0.3037902321109276,1.220447563752109,0.12945645821157217,165,0.5757575757575758,1.2258824327573197,346.88783821721216,69708.74862197388,3422,169708.74862197388,1510.2664009603225,-1231.9830683627233,12.08067816427945,False
TOM|l3f3,0.04240039452421529,0.08529887283925304,0.5295790829513473,0.3943315019347219,-0.15478181081656606,0.27393654526024735,1.1923632699022446,0.1548801870251315,165,0.6181818181818182,0.9963208291389496,374.79928492247467,75751.0670075769,3422,175751.0670075769,1595.2050362659793,-1601.0957410622475,12.08067816427945,False
TOM|l4f2,0.05552214478934281,0.08501351993742016,0.6781143917772664,0.5283862590090237,-0.13075600760285533,0.42462404448734764,1.2572943688880795,0.15604909409701928,165,0.6,1.2784365159146382,475.0219335193868,108291.57426286105,3422,208291.57426286105,1654.4494807921521,-1294.119387389761,12.08067816427945,False
TOM|l4f3,0.05824502041486568,0.09358283568776048,0.6517691693114921,0.5308723223483472,-0.15611816483804142,0.3730829175150096,1.226618144674242,0.18147282291057862,165,0.6121212121212121,1.149933451212671,502.02005707076387,115707.59741401928,3422,215707.59741401928,1826.7511361120653,-1588.5711770412895,12.08067816427945,False
TOM|l5f2,0.05689983896882178,0.09058655505219182,0.6562247037815836,0.5353636877697762,-0.13400566660880853,0.4246077080824104,1.2275508400131185,0.18322618351841027,165,0.6060606060606061,1.2243780421764874,487.9727698329513,112013.822070753,3422,212013.822070753,1716.3159385310857,-1401.785951241102,12.08067816427945,False
TOM|l5f3,0.0596262685604263,0.09867281698697063,0.6363520662111763,0.5417194358576486,-0.15927300770101271,0.37436518228095955,1.204976220793818,0.2086499123319696,165,0.6484848484848484,0.9980815843240508,512.7691610089263,119562.37231051445,3422,219562.37231051445,1730.6090466551557,-1733.9354556142903,12.08067816427945,False
ON|base,0.019894534939873587,0.07510295759162379,0.3000168251040414,0.3373346175346582,-0.20653981118590503,0.096323003423135,1.0680719409313226,0.5140268848626535,1,1.0,,30669.75052100258,30669.750521002585,3422,130669.75052100258,30669.75052100258,,0.0,True
ON|vix25,0.009046386462879585,0.05011907784762501,0.20479646563834064,0.22895925258365582,-0.15051203793669354,0.060104072650219255,1.0432562311093279,0.4520748100526008,58,0.43103448275862066,1.7557151774314104,253.8389778615156,13008.388552051154,3422,113008.38855205115,2372.9996300408525,-1351.5857586379823,4.198772288804443,False
